Specimen Collection Date,New Cases,Cumulative Cases,Data As Of,Data Loaded At
03/04/2020 12:00:00 AM,0,2,03/04/2022 04:30:00 AM,03/04/2022 07:00:10 AM
03/07/2020 12:00:00 AM,5,13,03/04/2022 04:30:00 AM,03/04/2022 07:00:11 AM
03/10/2020 12:00:00 AM,6,20,03/04/2022 04:30:00 AM,03/04/2022 07:00:11 AM
03/13/2020 12:00:00 AM,16,54,03/04/2022 04:30:00 AM,03/04/2022 07:00:11 AM
03/16/2020 12:00:00 AM,41,116,03/04/2022 04:30:00 AM,03/04/2022 07:00:11 AM
03/19/2020 12:00:00 AM,19,184,03/04/2022 04:30:00 AM,03/04/2022 07:00:11 AM
03/22/2020 12:00:00 AM,26,262,03/04/2022 04:30:00 AM,03/04/2022 07:00:11 AM
03/25/2020 12:00:00 AM,44,380,03/04/2022 04:30:00 AM,03/04/2022 07:00:11 AM
03/28/2020 12:00:00 AM,17,473,03/04/2022 04:30:00 AM,03/04/2022 07:00:11 AM
03/31/2020 12:00:00 AM,55,585,03/04/2022 04:30:00 AM,03/04/2022 07:00:11 AM
04/03/2020 12:00:00 AM,26,689,03/04/2022 04:30:00 AM,03/04/2022 07:00:11 AM
04/06/2020 12:00:00 AM,52,791,03/04/2022 04:30:00 AM,03/04/2022 07:00:11 AM
04/09/2020 12:00:00 AM,76,990,03/04/2022 04:30:00 AM,03/04/2022 07:00:11 AM
04/12/2020 12:00:00 AM,18,1059,03/04/2022 04:30:00 AM,03/04/2022 07:00:11 AM
04/15/2020 12:00:00 AM,53,1191,03/04/2022 04:30:00 AM,03/04/2022 07:00:11 AM
04/18/2020 12:00:00 AM,14,1275,03/04/2022 04:30:00 AM,03/04/2022 07:00:11 AM
04/21/2020 12:00:00 AM,30,1376,03/04/2022 04:30:00 AM,03/04/2022 07:00:11 AM
04/24/2020 12:00:00 AM,36,1490,03/04/2022 04:30:00 AM,03/04/2022 07:00:11 AM
04/27/2020 12:00:00 AM,36,1608,03/04/2022 04:30:00 AM,03/04/2022 07:00:11 AM
04/30/2020 12:00:00 AM,39,1769,03/04/2022 04:30:00 AM,03/04/2022 07:00:11 AM
05/03/2020 12:00:00 AM,11,1860,03/04/2022 04:30:00 AM,03/04/2022 07:00:11 AM
05/06/2020 12:00:00 AM,41,1989,03/04/2022 04:30:00 AM,03/04/2022 07:00:11 AM
05/09/2020 12:00:00 AM,7,2050,03/04/2022 04:30:00 AM,03/04/2022 07:00:11 AM
05/12/2020 12:00:00 AM,54,2136,03/04/2022 04:30:00 AM,03/04/2022 07:00:11 AM
05/15/2020 12:00:00 AM,35,2239,03/04/2022 04:30:00 AM,03/04/2022 07:00:11 AM
05/18/2020 12:00:00 AM,44,2301,03/04/2022 04:30:00 AM,03/04/2022 07:00:11 AM
05/21/2020 12:00:00 AM,26,2401,03/04/2022 04:30:00 AM,03/04/2022 07:00:11 AM
05/24/2020 12:00:00 AM,11,2462,03/04/2022 04:30:00 AM,03/04/2022 07:00:11 AM
05/27/2020 12:00:00 AM,35,2553,03/04/2022 04:30:00 AM,03/04/2022 07:00:11 AM
05/30/2020 12:00:00 AM,22,2631,03/04/2022 04:30:00 AM,03/04/2022 07:00:11 AM
06/02/2020 12:00:00 AM,45,2740,03/04/2022 04:30:00 AM,03/04/2022 07:00:11 AM
06/05/2020 12:00:00 AM,29,2834,03/04/2022 04:30:00 AM,03/04/2022 07:00:11 AM
06/08/2020 12:00:00 AM,35,2901,03/04/2022 04:30:00 AM,03/04/2022 07:00:11 AM
06/11/2020 12:00:00 AM,23,2976,03/04/2022 04:30:00 AM,03/04/2022 07:00:11 AM
06/14/2020 12:00:00 AM,15,3038,03/04/2022 04:30:00 AM,03/04/2022 07:00:11 AM
06/17/2020 12:00:00 AM,50,3171,03/04/2022 04:30:00 AM,03/04/2022 07:00:11 AM
06/20/2020 12:00:00 AM,41,3300,03/04/2022 04:30:00 AM,03/04/2022 07:00:11 AM
06/23/2020 12:00:00 AM,79,3516,03/04/2022 04:30:00 AM,03/04/2022 07:00:11 AM
06/26/2020 12:00:00 AM,69,3712,03/04/2022 04:30:00 AM,03/04/2022 07:00:11 AM
06/29/2020 12:00:00 AM,72,3871,03/04/2022 04:30:00 AM,03/04/2022 07:00:11 AM
07/02/2020 12:00:00 AM,103,4153,03/04/2022 04:30:00 AM,03/04/2022 07:00:11 AM
07/05/2020 12:00:00 AM,51,4311,03/04/2022 04:30:00 AM,03/04/2022 07:00:11 AM
07/08/2020 12:00:00 AM,111,4608,03/04/2022 04:30:00 AM,03/04/2022 07:00:11 AM
07/11/2020 12:00:00 AM,67,4910,03/04/2022 04:30:00 AM,03/04/2022 07:00:11 AM
07/14/2020 12:00:00 AM,161,5277,03/04/2022 04:30:00 AM,03/04/2022 07:00:11 AM
07/17/2020 12:00:00 AM,154,5730,03/04/2022 04:30:00 AM,03/04/2022 07:00:11 AM
07/20/2020 12:00:00 AM,146,6029,03/04/2022 04:30:00 AM,03/04/2022 07:00:11 AM
07/23/2020 12:00:00 AM,122,6407,03/04/2022 04:30:00 AM,03/04/2022 07:00:11 AM
07/26/2020 12:00:00 AM,62,6667,03/04/2022 04:30:00 AM,03/04/2022 07:00:11 AM
07/29/2020 12:00:00 AM,137,6992,03/04/2022 04:30:00 AM,03/04/2022 07:00:11 AM
08/01/2020 12:00:00 AM,66,7299,03/04/2022 04:30:00 AM,03/04/2022 07:00:11 AM
08/04/2020 12:00:00 AM,83,7530,03/04/2022 04:30:00 AM,03/04/2022 07:00:11 AM
08/07/2020 12:00:00 AM,130,7894,03/04/2022 04:30:00 AM,03/04/2022 07:00:11 AM
08/10/2020 12:00:00 AM,104,8118,03/04/2022 04:30:00 AM,03/04/2022 07:00:11 AM
08/13/2020 12:00:00 AM,102,8457,03/04/2022 04:30:00 AM,03/04/2022 07:00:11 AM
08/16/2020 12:00:00 AM,37,8668,03/04/2022 04:30:00 AM,03/04/2022 07:00:11 AM
08/19/2020 12:00:00 AM,97,8926,03/04/2022 04:30:00 AM,03/04/2022 07:00:11 AM
08/22/2020 12:00:00 AM,43,9131,03/04/2022 04:30:00 AM,03/04/2022 07:00:11 AM
08/25/2020 12:00:00 AM,79,9343,03/04/2022 04:30:00 AM,03/04/2022 07:00:11 AM
08/28/2020 12:00:00 AM,66,9599,03/04/2022 04:30:00 AM,03/04/2022 07:00:11 AM
08/31/2020 12:00:00 AM,84,9762,03/04/2022 04:30:00 AM,03/04/2022 07:00:11 AM
09/03/2020 12:00:00 AM,93,10021,03/04/2022 04:30:00 AM,03/04/2022 07:00:11 AM
09/06/2020 12:00:00 AM,25,10160,03/04/2022 04:30:00 AM,03/04/2022 07:00:11 AM
09/09/2020 12:00:00 AM,70,10347,03/04/2022 04:30:00 AM,03/04/2022 07:00:11 AM
09/12/2020 12:00:00 AM,44,10534,03/04/2022 04:30:00 AM,03/04/2022 07:00:11 AM
09/15/2020 12:00:00 AM,84,10734,03/04/2022 04:30:00 AM,03/04/2022 07:00:11 AM
09/18/2020 12:00:00 AM,88,10945,03/04/2022 04:30:00 AM,03/04/2022 07:00:11 AM
09/21/2020 12:00:00 AM,53,11054,03/04/2022 04:30:00 AM,03/04/2022 07:00:11 AM
09/24/2020 12:00:00 AM,75,11247,03/04/2022 04:30:00 AM,03/04/2022 07:00:11 AM
09/27/2020 12:00:00 AM,30,11350,03/04/2022 04:30:00 AM,03/04/2022 07:00:11 AM
09/30/2020 12:00:00 AM,50,11495,03/04/2022 04:30:00 AM,03/04/2022 07:00:11 AM
10/03/2020 12:00:00 AM,19,11579,03/04/2022 04:30:00 AM,03/04/2022 07:00:11 AM
10/06/2020 12:00:00 AM,37,11655,03/04/2022 04:30:00 AM,03/04/2022 07:00:11 AM
10/09/2020 12:00:00 AM,36,11764,03/04/2022 04:30:00 AM,03/04/2022 07:00:11 AM
10/12/2020 12:00:00 AM,35,11834,03/04/2022 04:30:00 AM,03/04/2022 07:00:11 AM
10/15/2020 12:00:00 AM,40,11948,03/04/2022 04:30:00 AM,03/04/2022 07:00:11 AM
10/18/2020 12:00:00 AM,10,12021,03/04/2022 04:30:00 AM,03/04/2022 07:00:11 AM
10/21/2020 12:00:00 AM,29,12131,03/04/2022 04:30:00 AM,03/04/2022 07:00:11 AM
10/24/2020 12:00:00 AM,32,12272,03/04/2022 04:30:00 AM,03/04/2022 07:00:11 AM
10/27/2020 12:00:00 AM,75,12431,03/04/2022 04:30:00 AM,03/04/2022 07:00:11 AM
10/30/2020 12:00:00 AM,58,12602,03/04/2022 04:30:00 AM,03/04/2022 07:00:11 AM
11/02/2020 12:00:00 AM,97,12783,03/04/2022 04:30:00 AM,03/04/2022 07:00:11 AM
11/05/2020 12:00:00 AM,123,13129,03/04/2022 04:30:00 AM,03/04/2022 07:00:11 AM
11/08/2020 12:00:00 AM,30,13336,03/04/2022 04:30:00 AM,03/04/2022 07:00:11 AM
11/11/2020 12:00:00 AM,107,13684,03/04/2022 04:30:00 AM,03/04/2022 07:00:11 AM
11/14/2020 12:00:00 AM,75,14011,03/04/2022 04:30:00 AM,03/04/2022 07:00:11 AM
11/17/2020 12:00:00 AM,144,14388,03/04/2022 04:30:00 AM,03/04/2022 07:00:11 AM
11/20/2020 12:00:00 AM,166,14905,03/04/2022 04:30:00 AM,03/04/2022 07:00:11 AM
11/23/2020 12:00:00 AM,180,15258,03/04/2022 04:30:00 AM,03/04/2022 07:00:11 AM
11/26/2020 12:00:00 AM,54,15669,03/04/2022 04:30:00 AM,03/04/2022 07:00:11 AM
11/29/2020 12:00:00 AM,131,16031,03/04/2022 04:30:00 AM,03/04/2022 07:00:11 AM
12/02/2020 12:00:00 AM,299,16905,03/04/2022 04:30:00 AM,03/04/2022 07:00:11 AM
12/05/2020 12:00:00 AM,144,17574,03/04/2022 04:30:00 AM,03/04/2022 07:00:11 AM
12/08/2020 12:00:00 AM,311,18324,03/04/2022 04:30:00 AM,03/04/2022 07:00:11 AM
12/11/2020 12:00:00 AM,315,19270,03/04/2022 04:30:00 AM,03/04/2022 07:00:11 AM
12/14/2020 12:00:00 AM,374,19974,03/04/2022 04:30:00 AM,03/04/2022 07:00:11 AM
12/17/2020 12:00:00 AM,309,21011,03/04/2022 04:30:00 AM,03/04/2022 07:00:11 AM
12/20/2020 12:00:00 AM,104,21541,03/04/2022 04:30:00 AM,03/04/2022 07:00:11 AM
12/23/2020 12:00:00 AM,291,22491,03/04/2022 04:30:00 AM,03/04/2022 07:00:11 AM
12/26/2020 12:00:00 AM,221,23014,03/04/2022 04:30:00 AM,03/04/2022 07:00:11 AM
12/29/2020 12:00:00 AM,439,24002,03/04/2022 04:30:00 AM,03/04/2022 07:00:11 AM
01/01/2021 12:00:00 AM,67,24722,03/04/2022 04:30:00 AM,03/04/2022 07:00:11 AM
01/04/2021 12:00:00 AM,559,25693,03/04/2022 04:30:00 AM,03/04/2022 07:00:11 AM
01/07/2021 12:00:00 AM,443,26972,03/04/2022 04:30:00 AM,03/04/2022 07:00:11 AM
01/10/2021 12:00:00 AM,118,27676,03/04/2022 04:30:00 AM,03/04/2022 07:00:11 AM
01/13/2021 12:00:00 AM,316,28711,03/04/2022 04:30:00 AM,03/04/2022 07:00:11 AM
01/16/2021 12:00:00 AM,157,29485,03/04/2022 04:30:00 AM,03/04/2022 07:00:11 AM
01/19/2021 12:00:00 AM,215,29993,03/04/2022 04:30:00 AM,03/04/2022 07:00:11 AM
01/22/2021 12:00:00 AM,207,30642,03/04/2022 04:30:00 AM,03/04/2022 07:00:11 AM
01/25/2021 12:00:00 AM,196,31037,03/04/2022 04:30:00 AM,03/04/2022 07:00:11 AM
01/28/2021 12:00:00 AM,149,31476,03/04/2022 04:30:00 AM,03/04/2022 07:00:11 AM
01/31/2021 12:00:00 AM,89,31849,03/04/2022 04:30:00 AM,03/04/2022 07:00:11 AM
02/03/2021 12:00:00 AM,187,32351,03/04/2022 04:30:00 AM,03/04/2022 07:00:11 AM
02/06/2021 12:00:00 AM,83,32756,03/04/2022 04:30:00 AM,03/04/2022 07:00:11 AM
02/09/2021 12:00:00 AM,106,33051,03/04/2022 04:30:00 AM,03/04/2022 07:00:11 AM
02/12/2021 12:00:00 AM,90,33362,03/04/2022 04:30:00 AM,03/04/2022 07:00:11 AM
02/15/2021 12:00:00 AM,71,33520,03/04/2022 04:30:00 AM,03/04/2022 07:00:11 AM
02/18/2021 12:00:00 AM,89,33776,03/04/2022 04:30:00 AM,03/04/2022 07:00:11 AM
02/21/2021 12:00:00 AM,37,33917,03/04/2022 04:30:00 AM,03/04/2022 07:00:11 AM
02/24/2021 12:00:00 AM,56,34130,03/04/2022 04:30:00 AM,03/04/2022 07:00:11 AM
02/27/2021 12:00:00 AM,22,34258,03/04/2022 04:30:00 AM,03/04/2022 07:00:11 AM
03/02/2021 12:00:00 AM,41,34375,03/04/2022 04:30:00 AM,03/04/2022 07:00:11 AM
03/05/2021 12:00:00 AM,37,34486,03/04/2022 04:30:00 AM,03/04/2022 07:00:11 AM
03/08/2021 12:00:00 AM,38,34572,03/04/2022 04:30:00 AM,03/04/2022 07:00:11 AM
03/11/2021 12:00:00 AM,44,34680,03/04/2022 04:30:00 AM,03/04/2022 07:00:11 AM
03/14/2021 12:00:00 AM,14,34763,03/04/2022 04:30:00 AM,03/04/2022 07:00:11 AM
03/17/2021 12:00:00 AM,34,34863,03/04/2022 04:30:00 AM,03/04/2022 07:00:11 AM
03/20/2021 12:00:00 AM,34,34974,03/04/2022 04:30:00 AM,03/04/2022 07:00:11 AM
03/23/2021 12:00:00 AM,36,35071,03/04/2022 04:30:00 AM,03/04/2022 07:00:11 AM
03/26/2021 12:00:00 AM,41,35209,03/04/2022 04:30:00 AM,03/04/2022 07:00:11 AM
03/29/2021 12:00:00 AM,52,35303,03/04/2022 04:30:00 AM,03/04/2022 07:00:11 AM
04/01/2021 12:00:00 AM,49,35434,03/04/2022 04:30:00 AM,03/04/2022 07:00:11 AM
04/04/2021 12:00:00 AM,11,35493,03/04/2022 04:30:00 AM,03/04/2022 07:00:11 AM
04/07/2021 12:00:00 AM,49,35636,03/04/2022 04:30:00 AM,03/04/2022 07:00:11 AM
04/10/2021 12:00:00 AM,32,35736,03/04/2022 04:30:00 AM,03/04/2022 07:00:11 AM
04/13/2021 12:00:00 AM,36,35828,03/04/2022 04:30:00 AM,03/04/2022 07:00:11 AM
04/16/2021 12:00:00 AM,31,35948,03/04/2022 04:30:00 AM,03/04/2022 07:00:11 AM
04/19/2021 12:00:00 AM,32,36021,03/04/2022 04:30:00 AM,03/04/2022 07:00:11 AM
04/22/2021 12:00:00 AM,27,36108,03/04/2022 04:30:00 AM,03/04/2022 07:00:11 AM
04/25/2021 12:00:00 AM,15,36163,03/04/2022 04:30:00 AM,03/04/2022 07:00:11 AM
04/28/2021 12:00:00 AM,33,36255,03/04/2022 04:30:00 AM,03/04/2022 07:00:11 AM
05/01/2021 12:00:00 AM,18,36341,03/04/2022 04:30:00 AM,03/04/2022 07:00:11 AM
05/04/2021 12:00:00 AM,31,36405,03/04/2022 04:30:00 AM,03/04/2022 07:00:11 AM
05/07/2021 12:00:00 AM,19,36469,03/04/2022 04:30:00 AM,03/04/2022 07:00:11 AM
05/10/2021 12:00:00 AM,14,36514,03/04/2022 04:30:00 AM,03/04/2022 07:00:11 AM
05/13/2021 12:00:00 AM,21,36577,03/04/2022 04:30:00 AM,03/04/2022 07:00:11 AM
05/16/2021 12:00:00 AM,12,36614,03/04/2022 04:30:00 AM,03/04/2022 07:00:11 AM
05/19/2021 12:00:00 AM,25,36677,03/04/2022 04:30:00 AM,03/04/2022 07:00:11 AM
05/22/2021 12:00:00 AM,6,36716,03/04/2022 04:30:00 AM,03/04/2022 07:00:11 AM
05/25/2021 12:00:00 AM,19,36756,03/04/2022 04:30:00 AM,03/04/2022 07:00:11 AM
05/28/2021 12:00:00 AM,9,36797,03/04/2022 04:30:00 AM,03/04/2022 07:00:11 AM
05/31/2021 12:00:00 AM,11,36827,03/04/2022 04:30:00 AM,03/04/2022 07:00:11 AM
06/03/2021 12:00:00 AM,22,36891,03/04/2022 04:30:00 AM,03/04/2022 07:00:11 AM
06/06/2021 12:00:00 AM,4,36913,03/04/2022 04:30:00 AM,03/04/2022 07:00:11 AM
06/09/2021 12:00:00 AM,11,36950,03/04/2022 04:30:00 AM,03/04/2022 07:00:11 AM
06/12/2021 12:00:00 AM,8,36984,03/04/2022 04:30:00 AM,03/04/2022 07:00:11 AM
06/15/2021 12:00:00 AM,9,37011,03/04/2022 04:30:00 AM,03/04/2022 07:00:11 AM
06/18/2021 12:00:00 AM,11,37054,03/04/2022 04:30:00 AM,03/04/2022 07:00:11 AM
06/21/2021 12:00:00 AM,21,37085,03/04/2022 04:30:00 AM,03/04/2022 07:00:11 AM
06/24/2021 12:00:00 AM,21,37132,03/04/2022 04:30:00 AM,03/04/2022 07:00:11 AM
06/27/2021 12:00:00 AM,9,37167,03/04/2022 04:30:00 AM,03/04/2022 07:00:11 AM
06/30/2021 12:00:00 AM,40,37281,03/04/2022 04:30:00 AM,03/04/2022 07:00:11 AM
07/03/2021 12:00:00 AM,37,37394,03/04/2022 04:30:00 AM,03/04/2022 07:00:11 AM
07/06/2021 12:00:00 AM,69,37493,03/04/2022 04:30:00 AM,03/04/2022 07:00:11 AM
07/09/2021 12:00:00 AM,89,37772,03/04/2022 04:30:00 AM,03/04/2022 07:00:11 AM
07/12/2021 12:00:00 AM,110,38006,03/04/2022 04:30:00 AM,03/04/2022 07:00:11 AM
07/15/2021 12:00:00 AM,176,38433,03/04/2022 04:30:00 AM,03/04/2022 07:00:11 AM
07/18/2021 12:00:00 AM,70,38742,03/04/2022 04:30:00 AM,03/04/2022 07:00:11 AM
07/21/2021 12:00:00 AM,253,39426,03/04/2022 04:30:00 AM,03/04/2022 07:00:11 AM
07/24/2021 12:00:00 AM,153,40043,03/04/2022 04:30:00 AM,03/04/2022 07:00:11 AM
07/27/2021 12:00:00 AM,350,40785,03/04/2022 04:30:00 AM,03/04/2022 07:00:11 AM
07/30/2021 12:00:00 AM,269,41903,03/04/2022 04:30:00 AM,03/04/2022 07:00:11 AM
08/02/2021 12:00:00 AM,357,42614,03/04/2022 04:30:00 AM,03/04/2022 07:00:11 AM
08/05/2021 12:00:00 AM,298,43582,03/04/2022 04:30:00 AM,03/04/2022 07:00:11 AM
08/08/2021 12:00:00 AM,133,44126,03/04/2022 04:30:00 AM,03/04/2022 07:00:11 AM
08/11/2021 12:00:00 AM,270,44928,03/04/2022 04:30:00 AM,03/04/2022 07:00:11 AM
08/14/2021 12:00:00 AM,121,45503,03/04/2022 04:30:00 AM,03/04/2022 07:00:11 AM
08/17/2021 12:00:00 AM,221,46076,03/04/2022 04:30:00 AM,03/04/2022 07:00:11 AM
08/20/2021 12:00:00 AM,156,46654,03/04/2022 04:30:00 AM,03/04/2022 07:00:11 AM
08/23/2021 12:00:00 AM,184,47005,03/04/2022 04:30:00 AM,03/04/2022 07:00:11 AM
08/26/2021 12:00:00 AM,170,47524,03/04/2022 04:30:00 AM,03/04/2022 07:00:11 AM
08/29/2021 12:00:00 AM,69,47796,03/04/2022 04:30:00 AM,03/04/2022 07:00:11 AM
09/01/2021 12:00:00 AM,146,48230,03/04/2022 04:30:00 AM,03/04/2022 07:00:11 AM
09/04/2021 12:00:00 AM,65,48516,03/04/2022 04:30:00 AM,03/04/2022 07:00:11 AM
09/07/2021 12:00:00 AM,149,48791,03/04/2022 04:30:00 AM,03/04/2022 07:00:11 AM
09/10/2021 12:00:00 AM,121,49208,03/04/2022 04:30:00 AM,03/04/2022 07:00:11 AM
09/13/2021 12:00:00 AM,124,49447,03/04/2022 04:30:00 AM,03/04/2022 07:00:11 AM
09/16/2021 12:00:00 AM,121,49832,03/04/2022 04:30:00 AM,03/04/2022 07:00:11 AM
09/19/2021 12:00:00 AM,65,50062,03/04/2022 04:30:00 AM,03/04/2022 07:00:11 AM
09/22/2021 12:00:00 AM,105,50356,03/04/2022 04:30:00 AM,03/04/2022 07:00:11 AM
09/25/2021 12:00:00 AM,47,50577,03/04/2022 04:30:00 AM,03/04/2022 07:00:11 AM
09/28/2021 12:00:00 AM,75,50812,03/04/2022 04:30:00 AM,03/04/2022 07:00:11 AM
10/01/2021 12:00:00 AM,95,51136,03/04/2022 04:30:00 AM,03/04/2022 07:00:11 AM
10/04/2021 12:00:00 AM,88,51303,03/04/2022 04:30:00 AM,03/04/2022 07:00:11 AM
10/07/2021 12:00:00 AM,71,51575,03/04/2022 04:30:00 AM,03/04/2022 07:00:11 AM
10/10/2021 12:00:00 AM,30,51704,03/04/2022 04:30:00 AM,03/04/2022 07:00:11 AM
10/13/2021 12:00:00 AM,70,51911,03/04/2022 04:30:00 AM,03/04/2022 07:00:11 AM
10/16/2021 12:00:00 AM,33,52054,03/04/2022 04:30:00 AM,03/04/2022 07:00:11 AM
10/19/2021 12:00:00 AM,67,52215,03/04/2022 04:30:00 AM,03/04/2022 07:00:11 AM
10/22/2021 12:00:00 AM,49,52408,03/04/2022 04:30:00 AM,03/04/2022 07:00:11 AM
10/25/2021 12:00:00 AM,63,52519,03/04/2022 04:30:00 AM,03/04/2022 07:00:11 AM
10/28/2021 12:00:00 AM,67,52737,03/04/2022 04:30:00 AM,03/04/2022 07:00:11 AM
10/31/2021 12:00:00 AM,20,52852,03/04/2022 04:30:00 AM,03/04/2022 07:00:11 AM
11/03/2021 12:00:00 AM,121,53126,03/04/2022 04:30:00 AM,03/04/2022 07:00:11 AM
11/06/2021 12:00:00 AM,56,53399,03/04/2022 04:30:00 AM,03/04/2022 07:00:11 AM
11/09/2021 12:00:00 AM,59,53575,03/04/2022 04:30:00 AM,03/04/2022 07:00:11 AM
11/12/2021 12:00:00 AM,59,53791,03/04/2022 04:30:00 AM,03/04/2022 07:00:11 AM
11/15/2021 12:00:00 AM,65,53915,03/04/2022 04:30:00 AM,03/04/2022 07:00:11 AM
11/18/2021 12:00:00 AM,64,54139,03/04/2022 04:30:00 AM,03/04/2022 07:00:11 AM
11/21/2021 12:00:00 AM,30,54266,03/04/2022 04:30:00 AM,03/04/2022 07:00:11 AM
11/24/2021 12:00:00 AM,67,54466,03/04/2022 04:30:00 AM,03/04/2022 07:00:11 AM
11/27/2021 12:00:00 AM,39,54563,03/04/2022 04:30:00 AM,03/04/2022 07:00:11 AM
11/30/2021 12:00:00 AM,120,54796,03/04/2022 04:30:00 AM,03/04/2022 07:00:11 AM
12/03/2021 12:00:00 AM,84,55083,03/04/2022 04:30:00 AM,03/04/2022 07:00:11 AM
12/06/2021 12:00:00 AM,92,55278,03/04/2022 04:30:00 AM,03/04/2022 07:00:11 AM
12/09/2021 12:00:00 AM,107,55598,03/04/2022 04:30:00 AM,03/04/2022 07:00:11 AM
12/12/2021 12:00:00 AM,55,55800,03/04/2022 04:30:00 AM,03/04/2022 07:00:11 AM
12/15/2021 12:00:00 AM,295,56450,03/04/2022 04:30:00 AM,03/04/2022 07:00:11 AM
12/18/2021 12:00:00 AM,263,57348,03/04/2022 04:30:00 AM,03/04/2022 07:00:11 AM
12/21/2021 12:00:00 AM,908,59089,03/04/2022 04:30:00 AM,03/04/2022 07:00:11 AM
12/24/2021 12:00:00 AM,545,61796,03/04/2022 04:30:00 AM,03/04/2022 07:00:11 AM
12/27/2021 12:00:00 AM,1649,64386,03/04/2022 04:30:00 AM,03/04/2022 07:00:11 AM
12/30/2021 12:00:00 AM,1953,69989,03/04/2022 04:30:00 AM,03/04/2022 07:00:11 AM
01/02/2022 12:00:00 AM,1042,72386,03/04/2022 04:30:00 AM,03/04/2022 07:00:11 AM
01/05/2022 12:00:00 AM,3182,81401,03/04/2022 04:30:00 AM,03/04/2022 07:00:11 AM
01/08/2022 12:00:00 AM,1314,88111,03/04/2022 04:30:00 AM,03/04/2022 07:00:11 AM
01/11/2022 12:00:00 AM,1787,92759,03/04/2022 04:30:00 AM,03/04/2022 07:00:11 AM
01/14/2022 12:00:00 AM,1864,99182,03/04/2022 04:30:00 AM,03/04/2022 07:00:11 AM
01/17/2022 12:00:00 AM,1561,102803,03/04/2022 04:30:00 AM,03/04/2022 07:00:11 AM
01/20/2022 12:00:00 AM,1541,107726,03/04/2022 04:30:00 AM,03/04/2022 07:00:11 AM
01/23/2022 12:00:00 AM,579,110282,03/04/2022 04:30:00 AM,03/04/2022 07:00:11 AM
01/26/2022 12:00:00 AM,894,113299,03/04/2022 04:30:00 AM,03/04/2022 07:00:11 AM
01/29/2022 12:00:00 AM,361,115060,03/04/2022 04:30:00 AM,03/04/2022 07:00:11 AM
02/01/2022 12:00:00 AM,443,116310,03/04/2022 04:30:00 AM,03/04/2022 07:00:11 AM
02/04/2022 12:00:00 AM,347,117578,03/04/2022 04:30:00 AM,03/04/2022 07:00:11 AM
02/07/2022 12:00:00 AM,392,118370,03/04/2022 04:30:00 AM,03/04/2022 07:00:11 AM
02/10/2022 12:00:00 AM,274,119353,03/04/2022 04:30:00 AM,03/04/2022 07:00:11 AM
02/13/2022 12:00:00 AM,102,119799,03/04/2022 04:30:00 AM,03/04/2022 07:00:11 AM
02/16/2022 12:00:00 AM,188,120438,03/04/2022 04:30:00 AM,03/04/2022 07:00:11 AM
02/19/2022 12:00:00 AM,77,120859,03/04/2022 04:30:00 AM,03/04/2022 07:00:11 AM
02/22/2022 12:00:00 AM,182,121241,03/04/2022 04:30:00 AM,03/04/2022 07:00:11 AM
02/25/2022 12:00:00 AM,130,121629,03/04/2022 04:30:00 AM,03/04/2022 07:00:11 AM
03/05/2020 12:00:00 AM,6,8,03/04/2022 04:30:00 AM,03/04/2022 07:00:11 AM
03/08/2020 12:00:00 AM,1,14,03/04/2022 04:30:00 AM,03/04/2022 07:00:11 AM
03/11/2020 12:00:00 AM,9,29,03/04/2022 04:30:00 AM,03/04/2022 07:00:11 AM
03/14/2020 12:00:00 AM,10,64,03/04/2022 04:30:00 AM,03/04/2022 07:00:11 AM
03/17/2020 12:00:00 AM,27,143,03/04/2022 04:30:00 AM,03/04/2022 07:00:11 AM
03/20/2020 12:00:00 AM,35,219,03/04/2022 04:30:00 AM,03/04/2022 07:00:11 AM
03/23/2020 12:00:00 AM,33,295,03/04/2022 04:30:00 AM,03/04/2022 07:00:11 AM
03/26/2020 12:00:00 AM,43,423,03/04/2022 04:30:00 AM,03/04/2022 07:00:11 AM
03/29/2020 12:00:00 AM,14,487,03/04/2022 04:30:00 AM,03/04/2022 07:00:11 AM
04/01/2020 12:00:00 AM,40,625,03/04/2022 04:30:00 AM,03/04/2022 07:00:11 AM
04/04/2020 12:00:00 AM,15,704,03/04/2022 04:30:00 AM,03/04/2022 07:00:11 AM
04/07/2020 12:00:00 AM,57,848,03/04/2022 04:30:00 AM,03/04/2022 07:00:11 AM
04/10/2020 12:00:00 AM,28,1018,03/04/2022 04:30:00 AM,03/04/2022 07:00:11 AM
04/13/2020 12:00:00 AM,33,1092,03/04/2022 04:30:00 AM,03/04/2022 07:00:11 AM
04/16/2020 12:00:00 AM,30,1221,03/04/2022 04:30:00 AM,03/04/2022 07:00:11 AM
04/19/2020 12:00:00 AM,34,1309,03/04/2022 04:30:00 AM,03/04/2022 07:00:11 AM
04/22/2020 12:00:00 AM,32,1408,03/04/2022 04:30:00 AM,03/04/2022 07:00:11 AM
04/25/2020 12:00:00 AM,50,1540,03/04/2022 04:30:00 AM,03/04/2022 07:00:11 AM
04/28/2020 12:00:00 AM,73,1681,03/04/2022 04:30:00 AM,03/04/2022 07:00:11 AM
05/01/2020 12:00:00 AM,34,1803,03/04/2022 04:30:00 AM,03/04/2022 07:00:11 AM
05/04/2020 12:00:00 AM,44,1904,03/04/2022 04:30:00 AM,03/04/2022 07:00:11 AM
05/07/2020 12:00:00 AM,27,2016,03/04/2022 04:30:00 AM,03/04/2022 07:00:11 AM
05/10/2020 12:00:00 AM,5,2055,03/04/2022 04:30:00 AM,03/04/2022 07:00:11 AM
05/13/2020 12:00:00 AM,32,2168,03/04/2022 04:30:00 AM,03/04/2022 07:00:11 AM
05/16/2020 12:00:00 AM,8,2247,03/04/2022 04:30:00 AM,03/04/2022 07:00:11 AM
05/19/2020 12:00:00 AM,32,2333,03/04/2022 04:30:00 AM,03/04/2022 07:00:11 AM
05/22/2020 12:00:00 AM,33,2434,03/04/2022 04:30:00 AM,03/04/2022 07:00:11 AM
05/25/2020 12:00:00 AM,9,2471,03/04/2022 04:30:00 AM,03/04/2022 07:00:11 AM
05/28/2020 12:00:00 AM,24,2577,03/04/2022 04:30:00 AM,03/04/2022 07:00:11 AM
05/31/2020 12:00:00 AM,26,2657,03/04/2022 04:30:00 AM,03/04/2022 07:00:11 AM
06/03/2020 12:00:00 AM,27,2767,03/04/2022 04:30:00 AM,03/04/2022 07:00:11 AM
06/06/2020 12:00:00 AM,15,2849,03/04/2022 04:30:00 AM,03/04/2022 07:00:11 AM
06/09/2020 12:00:00 AM,33,2934,03/04/2022 04:30:00 AM,03/04/2022 07:00:11 AM
06/12/2020 12:00:00 AM,27,3003,03/04/2022 04:30:00 AM,03/04/2022 07:00:11 AM
06/15/2020 12:00:00 AM,35,3073,03/04/2022 04:30:00 AM,03/04/2022 07:00:11 AM
06/18/2020 12:00:00 AM,44,3215,03/04/2022 04:30:00 AM,03/04/2022 07:00:11 AM
06/21/2020 12:00:00 AM,32,3332,03/04/2022 04:30:00 AM,03/04/2022 07:00:11 AM
06/24/2020 12:00:00 AM,61,3577,03/04/2022 04:30:00 AM,03/04/2022 07:00:11 AM
06/27/2020 12:00:00 AM,51,3763,03/04/2022 04:30:00 AM,03/04/2022 07:00:11 AM
06/30/2020 12:00:00 AM,99,3970,03/04/2022 04:30:00 AM,03/04/2022 07:00:11 AM
07/03/2020 12:00:00 AM,80,4233,03/04/2022 04:30:00 AM,03/04/2022 07:00:11 AM
07/06/2020 12:00:00 AM,86,4397,03/04/2022 04:30:00 AM,03/04/2022 07:00:11 AM
07/09/2020 12:00:00 AM,108,4716,03/04/2022 04:30:00 AM,03/04/2022 07:00:11 AM
07/12/2020 12:00:00 AM,67,4977,03/04/2022 04:30:00 AM,03/04/2022 07:00:11 AM
07/15/2020 12:00:00 AM,154,5431,03/04/2022 04:30:00 AM,03/04/2022 07:00:11 AM
07/18/2020 12:00:00 AM,79,5809,03/04/2022 04:30:00 AM,03/04/2022 07:00:11 AM
07/21/2020 12:00:00 AM,128,6157,03/04/2022 04:30:00 AM,03/04/2022 07:00:11 AM
07/24/2020 12:00:00 AM,121,6528,03/04/2022 04:30:00 AM,03/04/2022 07:00:11 AM
07/27/2020 12:00:00 AM,92,6759,03/04/2022 04:30:00 AM,03/04/2022 07:00:11 AM
07/30/2020 12:00:00 AM,126,7118,03/04/2022 04:30:00 AM,03/04/2022 07:00:11 AM
08/02/2020 12:00:00 AM,45,7344,03/04/2022 04:30:00 AM,03/04/2022 07:00:11 AM
08/05/2020 12:00:00 AM,133,7663,03/04/2022 04:30:00 AM,03/04/2022 07:00:11 AM
08/08/2020 12:00:00 AM,60,7954,03/04/2022 04:30:00 AM,03/04/2022 07:00:11 AM
08/11/2020 12:00:00 AM,105,8223,03/04/2022 04:30:00 AM,03/04/2022 07:00:11 AM
08/14/2020 12:00:00 AM,108,8565,03/04/2022 04:30:00 AM,03/04/2022 07:00:11 AM
08/17/2020 12:00:00 AM,80,8748,03/04/2022 04:30:00 AM,03/04/2022 07:00:11 AM
08/20/2020 12:00:00 AM,85,9011,03/04/2022 04:30:00 AM,03/04/2022 07:00:11 AM
08/23/2020 12:00:00 AM,41,9172,03/04/2022 04:30:00 AM,03/04/2022 07:00:11 AM
08/26/2020 12:00:00 AM,90,9433,03/04/2022 04:30:00 AM,03/04/2022 07:00:11 AM
08/29/2020 12:00:00 AM,46,9645,03/04/2022 04:30:00 AM,03/04/2022 07:00:11 AM
09/01/2020 12:00:00 AM,83,9845,03/04/2022 04:30:00 AM,03/04/2022 07:00:11 AM
09/04/2020 12:00:00 AM,77,10098,03/04/2022 04:30:00 AM,03/04/2022 07:00:11 AM
09/07/2020 12:00:00 AM,49,10209,03/04/2022 04:30:00 AM,03/04/2022 07:00:11 AM
09/10/2020 12:00:00 AM,52,10399,03/04/2022 04:30:00 AM,03/04/2022 07:00:11 AM
09/13/2020 12:00:00 AM,21,10555,03/04/2022 04:30:00 AM,03/04/2022 07:00:11 AM
09/16/2020 12:00:00 AM,71,10805,03/04/2022 04:30:00 AM,03/04/2022 07:00:11 AM
09/19/2020 12:00:00 AM,38,10983,03/04/2022 04:30:00 AM,03/04/2022 07:00:11 AM
09/22/2020 12:00:00 AM,52,11106,03/04/2022 04:30:00 AM,03/04/2022 07:00:11 AM
09/25/2020 12:00:00 AM,53,11300,03/04/2022 04:30:00 AM,03/04/2022 07:00:11 AM
09/28/2020 12:00:00 AM,51,11401,03/04/2022 04:30:00 AM,03/04/2022 07:00:11 AM
10/01/2020 12:00:00 AM,42,11537,03/04/2022 04:30:00 AM,03/04/2022 07:00:11 AM
10/04/2020 12:00:00 AM,14,11593,03/04/2022 04:30:00 AM,03/04/2022 07:00:11 AM
10/07/2020 12:00:00 AM,35,11690,03/04/2022 04:30:00 AM,03/04/2022 07:00:11 AM
10/10/2020 12:00:00 AM,19,11783,03/04/2022 04:30:00 AM,03/04/2022 07:00:11 AM
10/13/2020 12:00:00 AM,42,11876,03/04/2022 04:30:00 AM,03/04/2022 07:00:11 AM
10/16/2020 12:00:00 AM,40,11988,03/04/2022 04:30:00 AM,03/04/2022 07:00:11 AM
10/19/2020 12:00:00 AM,39,12060,03/04/2022 04:30:00 AM,03/04/2022 07:00:11 AM
10/22/2020 12:00:00 AM,56,12187,03/04/2022 04:30:00 AM,03/04/2022 07:00:11 AM
10/25/2020 12:00:00 AM,35,12307,03/04/2022 04:30:00 AM,03/04/2022 07:00:11 AM
10/28/2020 12:00:00 AM,63,12494,03/04/2022 04:30:00 AM,03/04/2022 07:00:11 AM
10/31/2020 12:00:00 AM,50,12652,03/04/2022 04:30:00 AM,03/04/2022 07:00:11 AM
11/03/2020 12:00:00 AM,98,12881,03/04/2022 04:30:00 AM,03/04/2022 07:00:11 AM
11/06/2020 12:00:00 AM,111,13240,03/04/2022 04:30:00 AM,03/04/2022 07:00:11 AM
11/09/2020 12:00:00 AM,127,13463,03/04/2022 04:30:00 AM,03/04/2022 07:00:11 AM
11/12/2020 12:00:00 AM,144,13828,03/04/2022 04:30:00 AM,03/04/2022 07:00:11 AM
11/15/2020 12:00:00 AM,63,14074,03/04/2022 04:30:00 AM,03/04/2022 07:00:11 AM
11/18/2020 12:00:00 AM,181,14569,03/04/2022 04:30:00 AM,03/04/2022 07:00:11 AM
11/21/2020 12:00:00 AM,92,14997,03/04/2022 04:30:00 AM,03/04/2022 07:00:11 AM
11/24/2020 12:00:00 AM,194,15452,03/04/2022 04:30:00 AM,03/04/2022 07:00:11 AM
11/27/2020 12:00:00 AM,126,15795,03/04/2022 04:30:00 AM,03/04/2022 07:00:11 AM
11/30/2020 12:00:00 AM,270,16301,03/04/2022 04:30:00 AM,03/04/2022 07:00:11 AM
12/03/2020 12:00:00 AM,290,17195,03/04/2022 04:30:00 AM,03/04/2022 07:00:11 AM
12/06/2020 12:00:00 AM,115,17689,03/04/2022 04:30:00 AM,03/04/2022 07:00:11 AM
12/09/2020 12:00:00 AM,310,18634,03/04/2022 04:30:00 AM,03/04/2022 07:00:11 AM
12/12/2020 12:00:00 AM,203,19473,03/04/2022 04:30:00 AM,03/04/2022 07:00:11 AM
12/15/2020 12:00:00 AM,384,20358,03/04/2022 04:30:00 AM,03/04/2022 07:00:11 AM
12/18/2020 12:00:00 AM,298,21309,03/04/2022 04:30:00 AM,03/04/2022 07:00:11 AM
12/21/2020 12:00:00 AM,326,21867,03/04/2022 04:30:00 AM,03/04/2022 07:00:11 AM
12/24/2020 12:00:00 AM,232,22723,03/04/2022 04:30:00 AM,03/04/2022 07:00:11 AM
12/27/2020 12:00:00 AM,151,23165,03/04/2022 04:30:00 AM,03/04/2022 07:00:11 AM
12/30/2020 12:00:00 AM,377,24379,03/04/2022 04:30:00 AM,03/04/2022 07:00:11 AM
01/02/2021 12:00:00 AM,240,24962,03/04/2022 04:30:00 AM,03/04/2022 07:00:11 AM
01/05/2021 12:00:00 AM,445,26138,03/04/2022 04:30:00 AM,03/04/2022 07:00:11 AM
01/08/2021 12:00:00 AM,363,27335,03/04/2022 04:30:00 AM,03/04/2022 07:00:11 AM
01/11/2021 12:00:00 AM,425,28101,03/04/2022 04:30:00 AM,03/04/2022 07:00:11 AM
01/14/2021 12:00:00 AM,318,29029,03/04/2022 04:30:00 AM,03/04/2022 07:00:11 AM
01/17/2021 12:00:00 AM,114,29599,03/04/2022 04:30:00 AM,03/04/2022 07:00:11 AM
01/20/2021 12:00:00 AM,225,30218,03/04/2022 04:30:00 AM,03/04/2022 07:00:11 AM
01/23/2021 12:00:00 AM,108,30750,03/04/2022 04:30:00 AM,03/04/2022 07:00:11 AM
01/26/2021 12:00:00 AM,146,31183,03/04/2022 04:30:00 AM,03/04/2022 07:00:11 AM
01/29/2021 12:00:00 AM,143,31619,03/04/2022 04:30:00 AM,03/04/2022 07:00:11 AM
02/01/2021 12:00:00 AM,173,32022,03/04/2022 04:30:00 AM,03/04/2022 07:00:11 AM
02/04/2021 12:00:00 AM,173,32524,03/04/2022 04:30:00 AM,03/04/2022 07:00:11 AM
02/07/2021 12:00:00 AM,66,32822,03/04/2022 04:30:00 AM,03/04/2022 07:00:11 AM
02/10/2021 12:00:00 AM,110,33161,03/04/2022 04:30:00 AM,03/04/2022 07:00:11 AM
02/13/2021 12:00:00 AM,46,33408,03/04/2022 04:30:00 AM,03/04/2022 07:00:11 AM
02/16/2021 12:00:00 AM,85,33605,03/04/2022 04:30:00 AM,03/04/2022 07:00:11 AM
02/19/2021 12:00:00 AM,59,33835,03/04/2022 04:30:00 AM,03/04/2022 07:00:11 AM
02/22/2021 12:00:00 AM,84,34001,03/04/2022 04:30:00 AM,03/04/2022 07:00:11 AM
02/25/2021 12:00:00 AM,58,34188,03/04/2022 04:30:00 AM,03/04/2022 07:00:11 AM
02/28/2021 12:00:00 AM,28,34286,03/04/2022 04:30:00 AM,03/04/2022 07:00:11 AM
03/03/2021 12:00:00 AM,41,34416,03/04/2022 04:30:00 AM,03/04/2022 07:00:11 AM
03/06/2021 12:00:00 AM,28,34514,03/04/2022 04:30:00 AM,03/04/2022 07:00:11 AM
03/09/2021 12:00:00 AM,36,34608,03/04/2022 04:30:00 AM,03/04/2022 07:00:11 AM
03/12/2021 12:00:00 AM,48,34728,03/04/2022 04:30:00 AM,03/04/2022 07:00:11 AM
03/15/2021 12:00:00 AM,41,34804,03/04/2022 04:30:00 AM,03/04/2022 07:00:11 AM
03/18/2021 12:00:00 AM,28,34891,03/04/2022 04:30:00 AM,03/04/2022 07:00:11 AM
03/21/2021 12:00:00 AM,18,34992,03/04/2022 04:30:00 AM,03/04/2022 07:00:11 AM
03/24/2021 12:00:00 AM,52,35123,03/04/2022 04:30:00 AM,03/04/2022 07:00:11 AM
03/27/2021 12:00:00 AM,24,35233,03/04/2022 04:30:00 AM,03/04/2022 07:00:11 AM
03/30/2021 12:00:00 AM,30,35333,03/04/2022 04:30:00 AM,03/04/2022 07:00:11 AM
04/02/2021 12:00:00 AM,24,35458,03/04/2022 04:30:00 AM,03/04/2022 07:00:11 AM
04/05/2021 12:00:00 AM,60,35553,03/04/2022 04:30:00 AM,03/04/2022 07:00:11 AM
04/08/2021 12:00:00 AM,38,35674,03/04/2022 04:30:00 AM,03/04/2022 07:00:11 AM
04/11/2021 12:00:00 AM,15,35751,03/04/2022 04:30:00 AM,03/04/2022 07:00:11 AM
04/14/2021 12:00:00 AM,42,35870,03/04/2022 04:30:00 AM,03/04/2022 07:00:11 AM
04/17/2021 12:00:00 AM,27,35975,03/04/2022 04:30:00 AM,03/04/2022 07:00:11 AM
04/20/2021 12:00:00 AM,38,36059,03/04/2022 04:30:00 AM,03/04/2022 07:00:11 AM
04/23/2021 12:00:00 AM,24,36132,03/04/2022 04:30:00 AM,03/04/2022 07:00:11 AM
04/26/2021 12:00:00 AM,40,36203,03/04/2022 04:30:00 AM,03/04/2022 07:00:11 AM
04/29/2021 12:00:00 AM,35,36290,03/04/2022 04:30:00 AM,03/04/2022 07:00:11 AM
05/02/2021 12:00:00 AM,10,36351,03/04/2022 04:30:00 AM,03/04/2022 07:00:11 AM
05/05/2021 12:00:00 AM,22,36427,03/04/2022 04:30:00 AM,03/04/2022 07:00:11 AM
05/08/2021 12:00:00 AM,15,36484,03/04/2022 04:30:00 AM,03/04/2022 07:00:11 AM
05/11/2021 12:00:00 AM,23,36537,03/04/2022 04:30:00 AM,03/04/2022 07:00:11 AM
05/14/2021 12:00:00 AM,19,36596,03/04/2022 04:30:00 AM,03/04/2022 07:00:11 AM
05/17/2021 12:00:00 AM,21,36635,03/04/2022 04:30:00 AM,03/04/2022 07:00:11 AM
05/20/2021 12:00:00 AM,21,36698,03/04/2022 04:30:00 AM,03/04/2022 07:00:11 AM
05/23/2021 12:00:00 AM,5,36721,03/04/2022 04:30:00 AM,03/04/2022 07:00:11 AM
05/26/2021 12:00:00 AM,19,36775,03/04/2022 04:30:00 AM,03/04/2022 07:00:11 AM
05/29/2021 12:00:00 AM,7,36804,03/04/2022 04:30:00 AM,03/04/2022 07:00:11 AM
06/01/2021 12:00:00 AM,25,36852,03/04/2022 04:30:00 AM,03/04/2022 07:00:11 AM
06/04/2021 12:00:00 AM,10,36901,03/04/2022 04:30:00 AM,03/04/2022 07:00:11 AM
06/07/2021 12:00:00 AM,13,36926,03/04/2022 04:30:00 AM,03/04/2022 07:00:11 AM
06/10/2021 12:00:00 AM,16,36966,03/04/2022 04:30:00 AM,03/04/2022 07:00:11 AM
06/13/2021 12:00:00 AM,4,36988,03/04/2022 04:30:00 AM,03/04/2022 07:00:11 AM
06/16/2021 12:00:00 AM,13,37024,03/04/2022 04:30:00 AM,03/04/2022 07:00:11 AM
06/19/2021 12:00:00 AM,2,37056,03/04/2022 04:30:00 AM,03/04/2022 07:00:11 AM
06/22/2021 12:00:00 AM,13,37098,03/04/2022 04:30:00 AM,03/04/2022 07:00:11 AM
06/25/2021 12:00:00 AM,11,37143,03/04/2022 04:30:00 AM,03/04/2022 07:00:11 AM
06/28/2021 12:00:00 AM,32,37199,03/04/2022 04:30:00 AM,03/04/2022 07:00:11 AM
07/01/2021 12:00:00 AM,44,37325,03/04/2022 04:30:00 AM,03/04/2022 07:00:11 AM
07/04/2021 12:00:00 AM,15,37409,03/04/2022 04:30:00 AM,03/04/2022 07:00:11 AM
07/07/2021 12:00:00 AM,87,37580,03/04/2022 04:30:00 AM,03/04/2022 07:00:11 AM
07/10/2021 12:00:00 AM,67,37839,03/04/2022 04:30:00 AM,03/04/2022 07:00:11 AM
07/13/2021 12:00:00 AM,119,38125,03/04/2022 04:30:00 AM,03/04/2022 07:00:11 AM
07/16/2021 12:00:00 AM,132,38565,03/04/2022 04:30:00 AM,03/04/2022 07:00:11 AM
07/19/2021 12:00:00 AM,194,38936,03/04/2022 04:30:00 AM,03/04/2022 07:00:11 AM
07/22/2021 12:00:00 AM,236,39662,03/04/2022 04:30:00 AM,03/04/2022 07:00:11 AM
07/25/2021 12:00:00 AM,109,40152,03/04/2022 04:30:00 AM,03/04/2022 07:00:11 AM
07/28/2021 12:00:00 AM,403,41188,03/04/2022 04:30:00 AM,03/04/2022 07:00:11 AM
07/31/2021 12:00:00 AM,210,42113,03/04/2022 04:30:00 AM,03/04/2022 07:00:11 AM
08/03/2021 12:00:00 AM,341,42955,03/04/2022 04:30:00 AM,03/04/2022 07:00:11 AM
08/06/2021 12:00:00 AM,249,43831,03/04/2022 04:30:00 AM,03/04/2022 07:00:11 AM
08/09/2021 12:00:00 AM,279,44405,03/04/2022 04:30:00 AM,03/04/2022 07:00:11 AM
08/12/2021 12:00:00 AM,242,45170,03/04/2022 04:30:00 AM,03/04/2022 07:00:11 AM
08/15/2021 12:00:00 AM,109,45612,03/04/2022 04:30:00 AM,03/04/2022 07:00:11 AM
08/18/2021 12:00:00 AM,205,46281,03/04/2022 04:30:00 AM,03/04/2022 07:00:11 AM
08/21/2021 12:00:00 AM,84,46738,03/04/2022 04:30:00 AM,03/04/2022 07:00:11 AM
08/24/2021 12:00:00 AM,158,47163,03/04/2022 04:30:00 AM,03/04/2022 07:00:11 AM
08/27/2021 12:00:00 AM,131,47655,03/04/2022 04:30:00 AM,03/04/2022 07:00:11 AM
08/30/2021 12:00:00 AM,139,47935,03/04/2022 04:30:00 AM,03/04/2022 07:00:11 AM
09/02/2021 12:00:00 AM,110,48340,03/04/2022 04:30:00 AM,03/04/2022 07:00:11 AM
09/05/2021 12:00:00 AM,60,48576,03/04/2022 04:30:00 AM,03/04/2022 07:00:11 AM
09/08/2021 12:00:00 AM,145,48936,03/04/2022 04:30:00 AM,03/04/2022 07:00:11 AM
09/11/2021 12:00:00 AM,73,49281,03/04/2022 04:30:00 AM,03/04/2022 07:00:11 AM
09/14/2021 12:00:00 AM,130,49577,03/04/2022 04:30:00 AM,03/04/2022 07:00:11 AM
09/17/2021 12:00:00 AM,100,49932,03/04/2022 04:30:00 AM,03/04/2022 07:00:11 AM
09/20/2021 12:00:00 AM,93,50155,03/04/2022 04:30:00 AM,03/04/2022 07:00:11 AM
09/23/2021 12:00:00 AM,94,50450,03/04/2022 04:30:00 AM,03/04/2022 07:00:11 AM
09/26/2021 12:00:00 AM,41,50618,03/04/2022 04:30:00 AM,03/04/2022 07:00:11 AM
09/29/2021 12:00:00 AM,115,50927,03/04/2022 04:30:00 AM,03/04/2022 07:00:11 AM
10/02/2021 12:00:00 AM,40,51176,03/04/2022 04:30:00 AM,03/04/2022 07:00:11 AM
10/05/2021 12:00:00 AM,86,51389,03/04/2022 04:30:00 AM,03/04/2022 07:00:11 AM
10/08/2021 12:00:00 AM,63,51638,03/04/2022 04:30:00 AM,03/04/2022 07:00:11 AM
10/11/2021 12:00:00 AM,59,51763,03/04/2022 04:30:00 AM,03/04/2022 07:00:11 AM
10/14/2021 12:00:00 AM,49,51960,03/04/2022 04:30:00 AM,03/04/2022 07:00:11 AM
10/17/2021 12:00:00 AM,23,52077,03/04/2022 04:30:00 AM,03/04/2022 07:00:11 AM
10/20/2021 12:00:00 AM,85,52300,03/04/2022 04:30:00 AM,03/04/2022 07:00:11 AM
10/23/2021 12:00:00 AM,37,52445,03/04/2022 04:30:00 AM,03/04/2022 07:00:11 AM
10/26/2021 12:00:00 AM,61,52580,03/04/2022 04:30:00 AM,03/04/2022 07:00:11 AM
10/29/2021 12:00:00 AM,50,52787,03/04/2022 04:30:00 AM,03/04/2022 07:00:11 AM
11/01/2021 12:00:00 AM,70,52922,03/04/2022 04:30:00 AM,03/04/2022 07:00:12 AM
11/04/2021 12:00:00 AM,104,53230,03/04/2022 04:30:00 AM,03/04/2022 07:00:12 AM
11/07/2021 12:00:00 AM,39,53438,03/04/2022 04:30:00 AM,03/04/2022 07:00:12 AM
11/10/2021 12:00:00 AM,72,53647,03/04/2022 04:30:00 AM,03/04/2022 07:00:12 AM
11/13/2021 12:00:00 AM,32,53823,03/04/2022 04:30:00 AM,03/04/2022 07:00:12 AM
11/16/2021 12:00:00 AM,77,53992,03/04/2022 04:30:00 AM,03/04/2022 07:00:12 AM
11/19/2021 12:00:00 AM,52,54191,03/04/2022 04:30:00 AM,03/04/2022 07:00:12 AM
11/22/2021 12:00:00 AM,65,54331,03/04/2022 04:30:00 AM,03/04/2022 07:00:12 AM
11/25/2021 12:00:00 AM,13,54479,03/04/2022 04:30:00 AM,03/04/2022 07:00:12 AM
11/28/2021 12:00:00 AM,31,54594,03/04/2022 04:30:00 AM,03/04/2022 07:00:12 AM
12/01/2021 12:00:00 AM,111,54907,03/04/2022 04:30:00 AM,03/04/2022 07:00:12 AM
12/04/2021 12:00:00 AM,54,55137,03/04/2022 04:30:00 AM,03/04/2022 07:00:12 AM
12/07/2021 12:00:00 AM,102,55380,03/04/2022 04:30:00 AM,03/04/2022 07:00:12 AM
12/10/2021 12:00:00 AM,83,55681,03/04/2022 04:30:00 AM,03/04/2022 07:00:12 AM
12/13/2021 12:00:00 AM,125,55925,03/04/2022 04:30:00 AM,03/04/2022 07:00:12 AM
12/16/2021 12:00:00 AM,311,56761,03/04/2022 04:30:00 AM,03/04/2022 07:00:12 AM
12/19/2021 12:00:00 AM,219,57567,03/04/2022 04:30:00 AM,03/04/2022 07:00:12 AM
12/22/2021 12:00:00 AM,1042,60131,03/04/2022 04:30:00 AM,03/04/2022 07:00:12 AM
12/25/2021 12:00:00 AM,120,61916,03/04/2022 04:30:00 AM,03/04/2022 07:00:12 AM
12/28/2021 12:00:00 AM,1890,66276,03/04/2022 04:30:00 AM,03/04/2022 07:00:12 AM
12/31/2021 12:00:00 AM,1052,71041,03/04/2022 04:30:00 AM,03/04/2022 07:00:12 AM
01/03/2022 12:00:00 AM,2754,75140,03/04/2022 04:30:00 AM,03/04/2022 07:00:12 AM
01/06/2022 12:00:00 AM,2898,84299,03/04/2022 04:30:00 AM,03/04/2022 07:00:12 AM
01/09/2022 12:00:00 AM,1138,89249,03/04/2022 04:30:00 AM,03/04/2022 07:00:12 AM
01/12/2022 12:00:00 AM,2444,95203,03/04/2022 04:30:00 AM,03/04/2022 07:00:12 AM
01/15/2022 12:00:00 AM,1161,100343,03/04/2022 04:30:00 AM,03/04/2022 07:00:12 AM
01/18/2022 12:00:00 AM,1757,104560,03/04/2022 04:30:00 AM,03/04/2022 07:00:12 AM
01/21/2022 12:00:00 AM,1248,108974,03/04/2022 04:30:00 AM,03/04/2022 07:00:12 AM
01/24/2022 12:00:00 AM,1120,111402,03/04/2022 04:30:00 AM,03/04/2022 07:00:12 AM
01/27/2022 12:00:00 AM,783,114082,03/04/2022 04:30:00 AM,03/04/2022 07:00:12 AM
01/30/2022 12:00:00 AM,237,115297,03/04/2022 04:30:00 AM,03/04/2022 07:00:12 AM
02/02/2022 12:00:00 AM,493,116803,03/04/2022 04:30:00 AM,03/04/2022 07:00:12 AM
02/05/2022 12:00:00 AM,229,117807,03/04/2022 04:30:00 AM,03/04/2022 07:00:12 AM
02/08/2022 12:00:00 AM,358,118728,03/04/2022 04:30:00 AM,03/04/2022 07:00:12 AM
02/11/2022 12:00:00 AM,227,119580,03/04/2022 04:30:00 AM,03/04/2022 07:00:12 AM
02/14/2022 12:00:00 AM,250,120049,03/04/2022 04:30:00 AM,03/04/2022 07:00:12 AM
02/17/2022 12:00:00 AM,200,120638,03/04/2022 04:30:00 AM,03/04/2022 07:00:12 AM
02/20/2022 12:00:00 AM,67,120926,03/04/2022 04:30:00 AM,03/04/2022 07:00:12 AM
02/23/2022 12:00:00 AM,123,121364,03/04/2022 04:30:00 AM,03/04/2022 07:00:12 AM
02/26/2022 12:00:00 AM,72,121701,03/04/2022 04:30:00 AM,03/04/2022 07:00:12 AM
03/03/2020 12:00:00 AM,2,2,03/04/2022 04:30:00 AM,03/04/2022 07:00:12 AM
03/06/2020 12:00:00 AM,0,8,03/04/2022 04:30:00 AM,03/04/2022 07:00:12 AM
03/09/2020 12:00:00 AM,0,14,03/04/2022 04:30:00 AM,03/04/2022 07:00:12 AM
03/12/2020 12:00:00 AM,9,38,03/04/2022 04:30:00 AM,03/04/2022 07:00:12 AM
03/15/2020 12:00:00 AM,11,75,03/04/2022 04:30:00 AM,03/04/2022 07:00:12 AM
03/18/2020 12:00:00 AM,22,165,03/04/2022 04:30:00 AM,03/04/2022 07:00:12 AM
03/21/2020 12:00:00 AM,17,236,03/04/2022 04:30:00 AM,03/04/2022 07:00:12 AM
03/24/2020 12:00:00 AM,41,336,03/04/2022 04:30:00 AM,03/04/2022 07:00:12 AM
03/27/2020 12:00:00 AM,33,456,03/04/2022 04:30:00 AM,03/04/2022 07:00:12 AM
03/30/2020 12:00:00 AM,43,530,03/04/2022 04:30:00 AM,03/04/2022 07:00:12 AM
04/02/2020 12:00:00 AM,38,663,03/04/2022 04:30:00 AM,03/04/2022 07:00:12 AM
04/05/2020 12:00:00 AM,35,739,03/04/2022 04:30:00 AM,03/04/2022 07:00:12 AM
04/08/2020 12:00:00 AM,66,914,03/04/2022 04:30:00 AM,03/04/2022 07:00:12 AM
04/11/2020 12:00:00 AM,23,1041,03/04/2022 04:30:00 AM,03/04/2022 07:00:12 AM
04/14/2020 12:00:00 AM,46,1138,03/04/2022 04:30:00 AM,03/04/2022 07:00:12 AM
04/17/2020 12:00:00 AM,40,1261,03/04/2022 04:30:00 AM,03/04/2022 07:00:12 AM
04/20/2020 12:00:00 AM,37,1346,03/04/2022 04:30:00 AM,03/04/2022 07:00:12 AM
04/23/2020 12:00:00 AM,46,1454,03/04/2022 04:30:00 AM,03/04/2022 07:00:12 AM
04/26/2020 12:00:00 AM,32,1572,03/04/2022 04:30:00 AM,03/04/2022 07:00:12 AM
04/29/2020 12:00:00 AM,49,1730,03/04/2022 04:30:00 AM,03/04/2022 07:00:12 AM
05/02/2020 12:00:00 AM,46,1849,03/04/2022 04:30:00 AM,03/04/2022 07:00:12 AM
05/05/2020 12:00:00 AM,44,1948,03/04/2022 04:30:00 AM,03/04/2022 07:00:12 AM
05/08/2020 12:00:00 AM,27,2043,03/04/2022 04:30:00 AM,03/04/2022 07:00:12 AM
05/11/2020 12:00:00 AM,27,2082,03/04/2022 04:30:00 AM,03/04/2022 07:00:12 AM
05/14/2020 12:00:00 AM,36,2204,03/04/2022 04:30:00 AM,03/04/2022 07:00:12 AM
05/17/2020 12:00:00 AM,10,2257,03/04/2022 04:30:00 AM,03/04/2022 07:00:12 AM
05/20/2020 12:00:00 AM,42,2375,03/04/2022 04:30:00 AM,03/04/2022 07:00:12 AM
05/23/2020 12:00:00 AM,17,2451,03/04/2022 04:30:00 AM,03/04/2022 07:00:12 AM
05/26/2020 12:00:00 AM,47,2518,03/04/2022 04:30:00 AM,03/04/2022 07:00:12 AM
05/29/2020 12:00:00 AM,32,2609,03/04/2022 04:30:00 AM,03/04/2022 07:00:12 AM
06/01/2020 12:00:00 AM,38,2695,03/04/2022 04:30:00 AM,03/04/2022 07:00:12 AM
06/04/2020 12:00:00 AM,38,2805,03/04/2022 04:30:00 AM,03/04/2022 07:00:12 AM
06/07/2020 12:00:00 AM,17,2866,03/04/2022 04:30:00 AM,03/04/2022 07:00:12 AM
06/10/2020 12:00:00 AM,19,2953,03/04/2022 04:30:00 AM,03/04/2022 07:00:12 AM
06/13/2020 12:00:00 AM,20,3023,03/04/2022 04:30:00 AM,03/04/2022 07:00:12 AM
06/16/2020 12:00:00 AM,48,3121,03/04/2022 04:30:00 AM,03/04/2022 07:00:12 AM
06/19/2020 12:00:00 AM,44,3259,03/04/2022 04:30:00 AM,03/04/2022 07:00:12 AM
06/22/2020 12:00:00 AM,105,3437,03/04/2022 04:30:00 AM,03/04/2022 07:00:12 AM
06/25/2020 12:00:00 AM,66,3643,03/04/2022 04:30:00 AM,03/04/2022 07:00:12 AM
06/28/2020 12:00:00 AM,36,3799,03/04/2022 04:30:00 AM,03/04/2022 07:00:12 AM
07/01/2020 12:00:00 AM,80,4050,03/04/2022 04:30:00 AM,03/04/2022 07:00:12 AM
07/04/2020 12:00:00 AM,27,4260,03/04/2022 04:30:00 AM,03/04/2022 07:00:12 AM
07/07/2020 12:00:00 AM,100,4497,03/04/2022 04:30:00 AM,03/04/2022 07:00:12 AM
07/10/2020 12:00:00 AM,127,4843,03/04/2022 04:30:00 AM,03/04/2022 07:00:12 AM
07/13/2020 12:00:00 AM,139,5116,03/04/2022 04:30:00 AM,03/04/2022 07:00:12 AM
07/16/2020 12:00:00 AM,145,5576,03/04/2022 04:30:00 AM,03/04/2022 07:00:12 AM
07/19/2020 12:00:00 AM,74,5883,03/04/2022 04:30:00 AM,03/04/2022 07:00:12 AM
07/22/2020 12:00:00 AM,128,6285,03/04/2022 04:30:00 AM,03/04/2022 07:00:12 AM
07/25/2020 12:00:00 AM,77,6605,03/04/2022 04:30:00 AM,03/04/2022 07:00:12 AM
07/28/2020 12:00:00 AM,96,6855,03/04/2022 04:30:00 AM,03/04/2022 07:00:12 AM
07/31/2020 12:00:00 AM,115,7233,03/04/2022 04:30:00 AM,03/04/2022 07:00:12 AM
08/03/2020 12:00:00 AM,103,7447,03/04/2022 04:30:00 AM,03/04/2022 07:00:12 AM
08/06/2020 12:00:00 AM,101,7764,03/04/2022 04:30:00 AM,03/04/2022 07:00:12 AM
08/09/2020 12:00:00 AM,60,8014,03/04/2022 04:30:00 AM,03/04/2022 07:00:12 AM
08/12/2020 12:00:00 AM,132,8355,03/04/2022 04:30:00 AM,03/04/2022 07:00:12 AM
08/15/2020 12:00:00 AM,66,8631,03/04/2022 04:30:00 AM,03/04/2022 07:00:12 AM
08/18/2020 12:00:00 AM,81,8829,03/04/2022 04:30:00 AM,03/04/2022 07:00:12 AM
08/21/2020 12:00:00 AM,77,9088,03/04/2022 04:30:00 AM,03/04/2022 07:00:12 AM
08/24/2020 12:00:00 AM,92,9264,03/04/2022 04:30:00 AM,03/04/2022 07:00:12 AM
08/27/2020 12:00:00 AM,100,9533,03/04/2022 04:30:00 AM,03/04/2022 07:00:12 AM
08/30/2020 12:00:00 AM,33,9678,03/04/2022 04:30:00 AM,03/04/2022 07:00:12 AM
09/02/2020 12:00:00 AM,83,9928,03/04/2022 04:30:00 AM,03/04/2022 07:00:12 AM
09/05/2020 12:00:00 AM,37,10135,03/04/2022 04:30:00 AM,03/04/2022 07:00:12 AM
09/08/2020 12:00:00 AM,68,10277,03/04/2022 04:30:00 AM,03/04/2022 07:00:12 AM
09/11/2020 12:00:00 AM,91,10490,03/04/2022 04:30:00 AM,03/04/2022 07:00:12 AM
09/14/2020 12:00:00 AM,95,10650,03/04/2022 04:30:00 AM,03/04/2022 07:00:12 AM
09/17/2020 12:00:00 AM,52,10857,03/04/2022 04:30:00 AM,03/04/2022 07:00:12 AM
09/20/2020 12:00:00 AM,18,11001,03/04/2022 04:30:00 AM,03/04/2022 07:00:12 AM
09/23/2020 12:00:00 AM,66,11172,03/04/2022 04:30:00 AM,03/04/2022 07:00:12 AM
09/26/2020 12:00:00 AM,20,11320,03/04/2022 04:30:00 AM,03/04/2022 07:00:12 AM
09/29/2020 12:00:00 AM,44,11445,03/04/2022 04:30:00 AM,03/04/2022 07:00:12 AM
10/02/2020 12:00:00 AM,23,11560,03/04/2022 04:30:00 AM,03/04/2022 07:00:12 AM
10/05/2020 12:00:00 AM,25,11618,03/04/2022 04:30:00 AM,03/04/2022 07:00:12 AM
10/08/2020 12:00:00 AM,38,11728,03/04/2022 04:30:00 AM,03/04/2022 07:00:12 AM
10/11/2020 12:00:00 AM,16,11799,03/04/2022 04:30:00 AM,03/04/2022 07:00:12 AM
10/14/2020 12:00:00 AM,32,11908,03/04/2022 04:30:00 AM,03/04/2022 07:00:12 AM
10/17/2020 12:00:00 AM,23,12011,03/04/2022 04:30:00 AM,03/04/2022 07:00:12 AM
10/20/2020 12:00:00 AM,42,12102,03/04/2022 04:30:00 AM,03/04/2022 07:00:12 AM
10/23/2020 12:00:00 AM,53,12240,03/04/2022 04:30:00 AM,03/04/2022 07:00:12 AM
10/26/2020 12:00:00 AM,49,12356,03/04/2022 04:30:00 AM,03/04/2022 07:00:12 AM
10/29/2020 12:00:00 AM,50,12544,03/04/2022 04:30:00 AM,03/04/2022 07:00:12 AM
11/01/2020 12:00:00 AM,34,12686,03/04/2022 04:30:00 AM,03/04/2022 07:00:12 AM
11/04/2020 12:00:00 AM,125,13006,03/04/2022 04:30:00 AM,03/04/2022 07:00:12 AM
11/07/2020 12:00:00 AM,66,13306,03/04/2022 04:30:00 AM,03/04/2022 07:00:12 AM
11/10/2020 12:00:00 AM,114,13577,03/04/2022 04:30:00 AM,03/04/2022 07:00:12 AM
11/13/2020 12:00:00 AM,108,13936,03/04/2022 04:30:00 AM,03/04/2022 07:00:12 AM
11/16/2020 12:00:00 AM,170,14244,03/04/2022 04:30:00 AM,03/04/2022 07:00:12 AM
11/19/2020 12:00:00 AM,170,14739,03/04/2022 04:30:00 AM,03/04/2022 07:00:12 AM
11/22/2020 12:00:00 AM,81,15078,03/04/2022 04:30:00 AM,03/04/2022 07:00:12 AM
11/25/2020 12:00:00 AM,163,15615,03/04/2022 04:30:00 AM,03/04/2022 07:00:12 AM
11/28/2020 12:00:00 AM,105,15900,03/04/2022 04:30:00 AM,03/04/2022 07:00:12 AM
12/01/2020 12:00:00 AM,305,16606,03/04/2022 04:30:00 AM,03/04/2022 07:00:12 AM
12/04/2020 12:00:00 AM,235,17430,03/04/2022 04:30:00 AM,03/04/2022 07:00:12 AM
12/07/2020 12:00:00 AM,324,18013,03/04/2022 04:30:00 AM,03/04/2022 07:00:12 AM
12/10/2020 12:00:00 AM,321,18955,03/04/2022 04:30:00 AM,03/04/2022 07:00:12 AM
12/13/2020 12:00:00 AM,127,19600,03/04/2022 04:30:00 AM,03/04/2022 07:00:12 AM
12/16/2020 12:00:00 AM,344,20702,03/04/2022 04:30:00 AM,03/04/2022 07:00:12 AM
12/19/2020 12:00:00 AM,128,21437,03/04/2022 04:30:00 AM,03/04/2022 07:00:12 AM
12/22/2020 12:00:00 AM,333,22200,03/04/2022 04:30:00 AM,03/04/2022 07:00:12 AM
12/25/2020 12:00:00 AM,70,22793,03/04/2022 04:30:00 AM,03/04/2022 07:00:12 AM
12/28/2020 12:00:00 AM,398,23563,03/04/2022 04:30:00 AM,03/04/2022 07:00:12 AM
12/31/2020 12:00:00 AM,276,24655,03/04/2022 04:30:00 AM,03/04/2022 07:00:12 AM
01/03/2021 12:00:00 AM,172,25134,03/04/2022 04:30:00 AM,03/04/2022 07:00:12 AM
01/06/2021 12:00:00 AM,391,26529,03/04/2022 04:30:00 AM,03/04/2022 07:00:12 AM
01/09/2021 12:00:00 AM,223,27558,03/04/2022 04:30:00 AM,03/04/2022 07:00:12 AM
01/12/2021 12:00:00 AM,294,28395,03/04/2022 04:30:00 AM,03/04/2022 07:00:12 AM
01/15/2021 12:00:00 AM,299,29328,03/04/2022 04:30:00 AM,03/04/2022 07:00:12 AM
01/18/2021 12:00:00 AM,179,29778,03/04/2022 04:30:00 AM,03/04/2022 07:00:12 AM
01/21/2021 12:00:00 AM,217,30435,03/04/2022 04:30:00 AM,03/04/2022 07:00:12 AM
01/24/2021 12:00:00 AM,91,30841,03/04/2022 04:30:00 AM,03/04/2022 07:00:12 AM
01/27/2021 12:00:00 AM,144,31327,03/04/2022 04:30:00 AM,03/04/2022 07:00:12 AM
01/30/2021 12:00:00 AM,141,31760,03/04/2022 04:30:00 AM,03/04/2022 07:00:12 AM
02/02/2021 12:00:00 AM,142,32164,03/04/2022 04:30:00 AM,03/04/2022 07:00:12 AM
02/05/2021 12:00:00 AM,149,32673,03/04/2022 04:30:00 AM,03/04/2022 07:00:12 AM
02/08/2021 12:00:00 AM,123,32945,03/04/2022 04:30:00 AM,03/04/2022 07:00:12 AM
02/11/2021 12:00:00 AM,111,33272,03/04/2022 04:30:00 AM,03/04/2022 07:00:12 AM
02/14/2021 12:00:00 AM,41,33449,03/04/2022 04:30:00 AM,03/04/2022 07:00:12 AM
02/17/2021 12:00:00 AM,82,33687,03/04/2022 04:30:00 AM,03/04/2022 07:00:12 AM
02/20/2021 12:00:00 AM,45,33880,03/04/2022 04:30:00 AM,03/04/2022 07:00:12 AM
02/23/2021 12:00:00 AM,73,34074,03/04/2022 04:30:00 AM,03/04/2022 07:00:12 AM
02/26/2021 12:00:00 AM,48,34236,03/04/2022 04:30:00 AM,03/04/2022 07:00:12 AM
03/01/2021 12:00:00 AM,48,34334,03/04/2022 04:30:00 AM,03/04/2022 07:00:12 AM
03/04/2021 12:00:00 AM,33,34449,03/04/2022 04:30:00 AM,03/04/2022 07:00:12 AM
03/07/2021 12:00:00 AM,20,34534,03/04/2022 04:30:00 AM,03/04/2022 07:00:12 AM
03/10/2021 12:00:00 AM,28,34636,03/04/2022 04:30:00 AM,03/04/2022 07:00:12 AM
03/13/2021 12:00:00 AM,21,34749,03/04/2022 04:30:00 AM,03/04/2022 07:00:12 AM
03/16/2021 12:00:00 AM,25,34829,03/04/2022 04:30:00 AM,03/04/2022 07:00:12 AM
03/19/2021 12:00:00 AM,49,34940,03/04/2022 04:30:00 AM,03/04/2022 07:00:12 AM
03/22/2021 12:00:00 AM,43,35035,03/04/2022 04:30:00 AM,03/04/2022 07:00:12 AM
03/25/2021 12:00:00 AM,45,35168,03/04/2022 04:30:00 AM,03/04/2022 07:00:12 AM
03/28/2021 12:00:00 AM,18,35251,03/04/2022 04:30:00 AM,03/04/2022 07:00:12 AM
03/31/2021 12:00:00 AM,52,35385,03/04/2022 04:30:00 AM,03/04/2022 07:00:12 AM
04/03/2021 12:00:00 AM,24,35482,03/04/2022 04:30:00 AM,03/04/2022 07:00:12 AM
04/06/2021 12:00:00 AM,34,35587,03/04/2022 04:30:00 AM,03/04/2022 07:00:12 AM
04/09/2021 12:00:00 AM,30,35704,03/04/2022 04:30:00 AM,03/04/2022 07:00:12 AM
04/12/2021 12:00:00 AM,41,35792,03/04/2022 04:30:00 AM,03/04/2022 07:00:12 AM
04/15/2021 12:00:00 AM,47,35917,03/04/2022 04:30:00 AM,03/04/2022 07:00:12 AM
04/18/2021 12:00:00 AM,14,35989,03/04/2022 04:30:00 AM,03/04/2022 07:00:12 AM
04/21/2021 12:00:00 AM,22,36081,03/04/2022 04:30:00 AM,03/04/2022 07:00:12 AM
04/24/2021 12:00:00 AM,16,36148,03/04/2022 04:30:00 AM,03/04/2022 07:00:12 AM
04/27/2021 12:00:00 AM,19,36222,03/04/2022 04:30:00 AM,03/04/2022 07:00:12 AM
04/30/2021 12:00:00 AM,33,36323,03/04/2022 04:30:00 AM,03/04/2022 07:00:12 AM
05/03/2021 12:00:00 AM,23,36374,03/04/2022 04:30:00 AM,03/04/2022 07:00:12 AM
05/06/2021 12:00:00 AM,23,36450,03/04/2022 04:30:00 AM,03/04/2022 07:00:12 AM
05/09/2021 12:00:00 AM,16,36500,03/04/2022 04:30:00 AM,03/04/2022 07:00:12 AM
05/12/2021 12:00:00 AM,19,36556,03/04/2022 04:30:00 AM,03/04/2022 07:00:12 AM
05/15/2021 12:00:00 AM,6,36602,03/04/2022 04:30:00 AM,03/04/2022 07:00:12 AM
05/18/2021 12:00:00 AM,17,36652,03/04/2022 04:30:00 AM,03/04/2022 07:00:12 AM
05/21/2021 12:00:00 AM,12,36710,03/04/2022 04:30:00 AM,03/04/2022 07:00:12 AM
05/24/2021 12:00:00 AM,16,36737,03/04/2022 04:30:00 AM,03/04/2022 07:00:12 AM
05/27/2021 12:00:00 AM,13,36788,03/04/2022 04:30:00 AM,03/04/2022 07:00:12 AM
05/30/2021 12:00:00 AM,12,36816,03/04/2022 04:30:00 AM,03/04/2022 07:00:12 AM
06/02/2021 12:00:00 AM,17,36869,03/04/2022 04:30:00 AM,03/04/2022 07:00:12 AM
06/05/2021 12:00:00 AM,8,36909,03/04/2022 04:30:00 AM,03/04/2022 07:00:12 AM
06/08/2021 12:00:00 AM,13,36939,03/04/2022 04:30:00 AM,03/04/2022 07:00:12 AM
06/11/2021 12:00:00 AM,10,36976,03/04/2022 04:30:00 AM,03/04/2022 07:00:12 AM
06/14/2021 12:00:00 AM,14,37002,03/04/2022 04:30:00 AM,03/04/2022 07:00:12 AM
06/17/2021 12:00:00 AM,19,37043,03/04/2022 04:30:00 AM,03/04/2022 07:00:12 AM
06/20/2021 12:00:00 AM,8,37064,03/04/2022 04:30:00 AM,03/04/2022 07:00:12 AM
06/23/2021 12:00:00 AM,13,37111,03/04/2022 04:30:00 AM,03/04/2022 07:00:12 AM
06/26/2021 12:00:00 AM,15,37158,03/04/2022 04:30:00 AM,03/04/2022 07:00:12 AM
06/29/2021 12:00:00 AM,42,37241,03/04/2022 04:30:00 AM,03/04/2022 07:00:12 AM
07/02/2021 12:00:00 AM,32,37357,03/04/2022 04:30:00 AM,03/04/2022 07:00:12 AM
07/05/2021 12:00:00 AM,15,37424,03/04/2022 04:30:00 AM,03/04/2022 07:00:12 AM
07/08/2021 12:00:00 AM,103,37683,03/04/2022 04:30:00 AM,03/04/2022 07:00:12 AM
07/11/2021 12:00:00 AM,57,37896,03/04/2022 04:30:00 AM,03/04/2022 07:00:12 AM
07/14/2021 12:00:00 AM,132,38257,03/04/2022 04:30:00 AM,03/04/2022 07:00:12 AM
07/17/2021 12:00:00 AM,107,38672,03/04/2022 04:30:00 AM,03/04/2022 07:00:12 AM
07/20/2021 12:00:00 AM,237,39173,03/04/2022 04:30:00 AM,03/04/2022 07:00:12 AM
07/23/2021 12:00:00 AM,228,39890,03/04/2022 04:30:00 AM,03/04/2022 07:00:12 AM
07/26/2021 12:00:00 AM,283,40435,03/04/2022 04:30:00 AM,03/04/2022 07:00:12 AM
07/29/2021 12:00:00 AM,446,41634,03/04/2022 04:30:00 AM,03/04/2022 07:00:12 AM
08/01/2021 12:00:00 AM,144,42257,03/04/2022 04:30:00 AM,03/04/2022 07:00:12 AM
08/04/2021 12:00:00 AM,329,43284,03/04/2022 04:30:00 AM,03/04/2022 07:00:12 AM
08/07/2021 12:00:00 AM,162,43993,03/04/2022 04:30:00 AM,03/04/2022 07:00:12 AM
08/10/2021 12:00:00 AM,253,44658,03/04/2022 04:30:00 AM,03/04/2022 07:00:12 AM
08/13/2021 12:00:00 AM,212,45382,03/04/2022 04:30:00 AM,03/04/2022 07:00:12 AM
08/16/2021 12:00:00 AM,243,45855,03/04/2022 04:30:00 AM,03/04/2022 07:00:12 AM
08/19/2021 12:00:00 AM,217,46498,03/04/2022 04:30:00 AM,03/04/2022 07:00:12 AM
08/22/2021 12:00:00 AM,83,46821,03/04/2022 04:30:00 AM,03/04/2022 07:00:12 AM
08/25/2021 12:00:00 AM,191,47354,03/04/2022 04:30:00 AM,03/04/2022 07:00:12 AM
08/28/2021 12:00:00 AM,72,47727,03/04/2022 04:30:00 AM,03/04/2022 07:00:12 AM
08/31/2021 12:00:00 AM,149,48084,03/04/2022 04:30:00 AM,03/04/2022 07:00:12 AM
09/03/2021 12:00:00 AM,111,48451,03/04/2022 04:30:00 AM,03/04/2022 07:00:12 AM
09/06/2021 12:00:00 AM,66,48642,03/04/2022 04:30:00 AM,03/04/2022 07:00:12 AM
09/09/2021 12:00:00 AM,151,49087,03/04/2022 04:30:00 AM,03/04/2022 07:00:12 AM
09/12/2021 12:00:00 AM,42,49323,03/04/2022 04:30:00 AM,03/04/2022 07:00:12 AM
09/15/2021 12:00:00 AM,134,49711,03/04/2022 04:30:00 AM,03/04/2022 07:00:12 AM
09/18/2021 12:00:00 AM,65,49997,03/04/2022 04:30:00 AM,03/04/2022 07:00:12 AM
09/21/2021 12:00:00 AM,96,50251,03/04/2022 04:30:00 AM,03/04/2022 07:00:12 AM
09/24/2021 12:00:00 AM,80,50530,03/04/2022 04:30:00 AM,03/04/2022 07:00:12 AM
09/27/2021 12:00:00 AM,119,50737,03/04/2022 04:30:00 AM,03/04/2022 07:00:12 AM
09/30/2021 12:00:00 AM,114,51041,03/04/2022 04:30:00 AM,03/04/2022 07:00:12 AM
10/03/2021 12:00:00 AM,39,51215,03/04/2022 04:30:00 AM,03/04/2022 07:00:12 AM
10/06/2021 12:00:00 AM,115,51504,03/04/2022 04:30:00 AM,03/04/2022 07:00:12 AM
10/09/2021 12:00:00 AM,36,51674,03/04/2022 04:30:00 AM,03/04/2022 07:00:12 AM
10/12/2021 12:00:00 AM,78,51841,03/04/2022 04:30:00 AM,03/04/2022 07:00:12 AM
10/15/2021 12:00:00 AM,61,52021,03/04/2022 04:30:00 AM,03/04/2022 07:00:12 AM
10/18/2021 12:00:00 AM,71,52148,03/04/2022 04:30:00 AM,03/04/2022 07:00:12 AM
10/21/2021 12:00:00 AM,59,52359,03/04/2022 04:30:00 AM,03/04/2022 07:00:12 AM
10/24/2021 12:00:00 AM,11,52456,03/04/2022 04:30:00 AM,03/04/2022 07:00:12 AM
10/27/2021 12:00:00 AM,90,52670,03/04/2022 04:30:00 AM,03/04/2022 07:00:12 AM
10/30/2021 12:00:00 AM,45,52832,03/04/2022 04:30:00 AM,03/04/2022 07:00:12 AM
11/02/2021 12:00:00 AM,83,53005,03/04/2022 04:30:00 AM,03/04/2022 07:00:12 AM
11/05/2021 12:00:00 AM,113,53343,03/04/2022 04:30:00 AM,03/04/2022 07:00:12 AM
11/08/2021 12:00:00 AM,78,53516,03/04/2022 04:30:00 AM,03/04/2022 07:00:12 AM
11/11/2021 12:00:00 AM,85,53732,03/04/2022 04:30:00 AM,03/04/2022 07:00:12 AM
11/14/2021 12:00:00 AM,27,53850,03/04/2022 04:30:00 AM,03/04/2022 07:00:12 AM
11/17/2021 12:00:00 AM,83,54075,03/04/2022 04:30:00 AM,03/04/2022 07:00:12 AM
11/20/2021 12:00:00 AM,45,54236,03/04/2022 04:30:00 AM,03/04/2022 07:00:12 AM
11/23/2021 12:00:00 AM,68,54399,03/04/2022 04:30:00 AM,03/04/2022 07:00:12 AM
11/26/2021 12:00:00 AM,45,54524,03/04/2022 04:30:00 AM,03/04/2022 07:00:12 AM
11/29/2021 12:00:00 AM,82,54676,03/04/2022 04:30:00 AM,03/04/2022 07:00:12 AM
12/02/2021 12:00:00 AM,92,54999,03/04/2022 04:30:00 AM,03/04/2022 07:00:12 AM
12/05/2021 12:00:00 AM,49,55186,03/04/2022 04:30:00 AM,03/04/2022 07:00:12 AM
12/08/2021 12:00:00 AM,111,55491,03/04/2022 04:30:00 AM,03/04/2022 07:00:12 AM
12/11/2021 12:00:00 AM,64,55745,03/04/2022 04:30:00 AM,03/04/2022 07:00:12 AM
12/14/2021 12:00:00 AM,230,56155,03/04/2022 04:30:00 AM,03/04/2022 07:00:12 AM
12/17/2021 12:00:00 AM,324,57085,03/04/2022 04:30:00 AM,03/04/2022 07:00:12 AM
12/20/2021 12:00:00 AM,614,58181,03/04/2022 04:30:00 AM,03/04/2022 07:00:12 AM
12/23/2021 12:00:00 AM,1120,61251,03/04/2022 04:30:00 AM,03/04/2022 07:00:12 AM
12/26/2021 12:00:00 AM,821,62737,03/04/2022 04:30:00 AM,03/04/2022 07:00:12 AM
12/29/2021 12:00:00 AM,1760,68036,03/04/2022 04:30:00 AM,03/04/2022 07:00:12 AM
01/01/2022 12:00:00 AM,303,71344,03/04/2022 04:30:00 AM,03/04/2022 07:00:12 AM
01/04/2022 12:00:00 AM,3079,78219,03/04/2022 04:30:00 AM,03/04/2022 07:00:12 AM
01/07/2022 12:00:00 AM,2498,86797,03/04/2022 04:30:00 AM,03/04/2022 07:00:12 AM
01/10/2022 12:00:00 AM,1723,90972,03/04/2022 04:30:00 AM,03/04/2022 07:00:12 AM
01/13/2022 12:00:00 AM,2115,97318,03/04/2022 04:30:00 AM,03/04/2022 07:00:12 AM
01/16/2022 12:00:00 AM,899,101242,03/04/2022 04:30:00 AM,03/04/2022 07:00:12 AM
01/19/2022 12:00:00 AM,1625,106185,03/04/2022 04:30:00 AM,03/04/2022 07:00:12 AM
01/22/2022 12:00:00 AM,729,109703,03/04/2022 04:30:00 AM,03/04/2022 07:00:12 AM
01/25/2022 12:00:00 AM,1003,112405,03/04/2022 04:30:00 AM,03/04/2022 07:00:12 AM
01/28/2022 12:00:00 AM,617,114699,03/04/2022 04:30:00 AM,03/04/2022 07:00:12 AM
01/31/2022 12:00:00 AM,570,115867,03/04/2022 04:30:00 AM,03/04/2022 07:00:12 AM
02/03/2022 12:00:00 AM,428,117231,03/04/2022 04:30:00 AM,03/04/2022 07:00:12 AM
02/06/2022 12:00:00 AM,171,117978,03/04/2022 04:30:00 AM,03/04/2022 07:00:12 AM
02/09/2022 12:00:00 AM,351,119079,03/04/2022 04:30:00 AM,03/04/2022 07:00:12 AM
02/12/2022 12:00:00 AM,117,119697,03/04/2022 04:30:00 AM,03/04/2022 07:00:12 AM
02/15/2022 12:00:00 AM,201,120250,03/04/2022 04:30:00 AM,03/04/2022 07:00:12 AM
02/18/2022 12:00:00 AM,144,120782,03/04/2022 04:30:00 AM,03/04/2022 07:00:12 AM
02/21/2022 12:00:00 AM,133,121059,03/04/2022 04:30:00 AM,03/04/2022 07:00:12 AM
02/24/2022 12:00:00 AM,135,121499,03/04/2022 04:30:00 AM,03/04/2022 07:00:12 AM
02/27/2022 12:00:00 AM,58,121759,03/04/2022 04:30:00 AM,03/04/2022 07:00:12 AM
